Experiment,Setting,Ts,ObserverPoles,K,L,ThetaRMSE,OmegaRMSE,FinalThetaError,FinalOmegaError,MaxAbsTheta,MaxAbsOmega,MaxAbsU
Observer poles,default_P_squared,0.02,[0.910949;0.484858],[4.629 1.05004],[0.603912;2.84399],0.00309538456116143,0.0257115653002725,7.65500798087961e-16,5.49582970386029e-15,0.0883042769568746,0.376911701785782,0.599425155613598
Observer poles,slow_0p98_0p95,0.02,[0.98;0.95],[4.629 1.05004],[0.0697188;0.805664],0.00793513604537476,0.00830521851887642,3.51736177328451e-12,-7.019169940794e-13,0.103567110037441,0.137478310174962,0.310474729731336
Observer poles,fast_0p50_0p40,0.02,[0.5;0.4],[4.629 1.05004],[1.09972;15.417],0.00301436027368968,0.0617173232148627,9.17038951016667e-16,1.3780391793951e-14,0.0881733487187683,0.849801370134736,1.85694302878462
Initial estimate,correct_initial_estimate,0.02,[0.910949;0.484858],[4.629 1.05004],[0.603912;2.84399],2.0959490587916e-05,0.000594619880033813,7.65500798085058e-16,5.49582970377522e-15,0.0872664625997165,0.151109797526759,0.403956078317499
Initial estimate,incorrect_initial_estimate,0.02,[0.910949;0.484858],[4.629 1.05004],[0.603912;2.84399],0.00994040041239342,0.158975393251714,5.83254571006027e-16,3.38292143913047e-15,0.254273957297591,1.55909423093232,1.66987604379423
Sampling time,Ts_0p01,0.01,[0.954405;0.695699],[4.85289 1.13533],[0.345837;1.57563],0.00261275758857465,0.0243348682856419,2.73316191635308e-16,-3.49983082389671e-16,0.0877747263609552,0.354002913344769,0.552120377455406
Sampling time,Ts_0p02,0.02,[0.910949;0.484858],[4.629 1.05004],[0.603912;2.84399],0.00309538456116143,0.0257115653002725,7.65500798087961e-16,5.49582970386029e-15,0.0883042769568746,0.376911701785782,0.599425155613598
Sampling time,Ts_0p05,0.05,[0.792933;0.168457],[4.08602 0.847499],[1.09635;5.59919],0.00460981154548411,0.0305669557307054,-1.03602370411361e-15,-3.25950559739327e-15,0.0919160531550414,0.47564593121321,0.80503542554778
Sampling time,Ts_0p10,0.1,[0.633823;0.0331627],[3.50212 0.641775],[1.64574;9.10598],0.0072319780015783,0.0415481387487222,-3.09218663896152e-16,1.42774662347832e-14,0.104915064047469,0.850904805819235,1.01295111383793
Measurement noise,noise_pm_0p000,0.02,[0.910949;0.484858],[4.629 1.05004],[0.603912;2.84399],0.00309538456115745,0.0257115653003945,7.46929236044546e-13,3.45630506380514e-12,0.0883042769568569,0.376911701787279,0.599425155616327
Measurement noise,noise_pm_0p005,0.02,[0.910949;0.484858],[4.629 1.05004],[0.603912;2.84399],0.00364507880208858,0.0280568075322049,0.00373081809821819,0.0172540307200831,0.0882157668993648,0.384397727762482,0.613069695951847
Measurement noise,noise_pm_0p020,0.02,[0.910949;0.484858],[4.629 1.05004],[0.603912;2.84399],0.0083871003784294,0.0479788687961769,0.0149232377199501,0.0690151960697164,0.0881733487187683,0.424279612210582,0.654003316966595
